[
    {
        "type": "Stairville.LED_Par_10mm",
        "args": [],
        "name": "Flood",
        "start_channel": 1
    },
    {
        "type": "Stairville.LED_Par_36",
        "args": [],
        "name": "S1 Books 1",
        "start_channel": 8
    },
    {
        "type": "Stairville.LED_Par_36",
        "args": [],
        "name": "S2 Books 2",
        "start_channel": 13
    },
    {
        "type": "Stairville.LED_Par_36",
        "args": [],
        "name": "S3 Art",
        "start_channel": 18
    },
    {
        "type": "Stairville.LED_Par_36",
        "args": [],
        "name": "S4 Board",
        "start_channel": 23
    },
    {
        "type": "funGeneration.LED_Pot_12_RGBW",
        "args": [],
        "name": "F1 Shelf 1",
        "mode": 8,
        "start_channel": 28
    },
    {
        "type": "funGeneration.LED_Pot_12_RGBW",
        "args": [],
        "name": "F2 Shelf 2",
        "mode": 8,
        "start_channel": 36
    },
    {
        "type": "funGeneration.LED_Pot_12_RGBW",
        "args": [],
        "name": "F3 Shelf 3",
        "mode": 8,
        "start_channel": 44
    },
    {
        "type": "funGeneration.LED_Pot_12_RGBW",
        "args": [],
        "name": "F4 Desk",
        "mode": 8,
        "start_channel": 52
    },
    {
        "type": "Lixada.LED_Mini_Par",
        "args": [],
        "name": "Key",
        "mode": 8,
        "start_channel": 60
    }
]
